{"__meta":{"schema_version":3,"schema_name":"DeepLearningModelV3","schema_type":"DeepLearningModel"},"model_id":{"__meta":{"schema_version":3,"schema_name":"ModelKeyV3","schema_type":"Key<Model>"},"name":"DeepLearning_grid_0_AutoML_20180225_012018_model_9","type":"Key<Model>","URL":"/3/Models/DeepLearning_grid_0_AutoML_20180225_012018_model_9"},"algo":"deeplearning","algo_full_name":"Deep Learning","response_column_name":"performance","data_frame":{"__meta":{"schema_version":3,"schema_name":"FrameKeyV3","schema_type":"Key<Frame>"},"name":"_a5f3a358ebb398aeba02815b76f24359","type":"Key<Frame>","URL":"/3/Frames/_a5f3a358ebb398aeba02815b76f24359"},"timestamp":0,"have_pojo":true,"have_mojo":true,"algo":"deeplearning","algo_full_name":"Deep Learning","model_id":{"__meta":{"schema_version":3,"schema_name":"ModelKeyV3","schema_type":"Key<Model>"},"name":"DeepLearning_grid_0_AutoML_20180225_012018_model_9","type":"Key<Model>","URL":"/3/Models/DeepLearning_grid_0_AutoML_20180225_012018_model_9"},"parameters":[{"__meta":{"schema_version":3,"schema_name":"ModelParameterSchemaV3","schema_type":"Iced"},"name":"model_id","label":"model_id","help":"Destination id for this model; auto-generated if not specified.","required":false,"type":"Key<Model>","default_value":null,"actual_value":{"__meta":{"schema_version":3,"schema_name":"ModelKeyV3","schema_type":"Key<Model>"},"name":"DeepLearning_grid_0_AutoML_20180225_012018_model_9","type":"Key<Model>","URL":"/3/Models/DeepLearning_grid_0_AutoML_20180225_012018_model_9"},"level":"critical","values":[],"is_member_of_frames":[],"is_mutually_exclusive_with":[],"gridable":false},{"__meta":{"schema_version":3,"schema_name":"ModelParameterSchemaV3","schema_type":"Iced"},"name":"training_frame","label":"training_frame","help":"Id of the training data frame.","required":false,"type":"Key<Frame>","default_value":null,"actual_value":{"__meta":{"schema_version":3,"schema_name":"FrameKeyV3","schema_type":"Key<Frame>"},"name":"_a5f3a358ebb398aeba02815b76f24359","type":"Key<Frame>","URL":"/3/Frames/_a5f3a358ebb398aeba02815b76f24359"},"level":"critical","values":[],"is_member_of_frames":[],"is_mutually_exclusive_with":[],"gridable":false},{"__meta":{"schema_version":3,"schema_name":"ModelParameterSchemaV3","schema_type":"Iced"},"name":"validation_frame","label":"validation_frame","help":"Id of the validation data frame.","required":false,"type":"Key<Frame>","default_value":null,"actual_value":{"__meta":{"schema_version":3,"schema_name":"FrameKeyV3","schema_type":"Key<Frame>"},"name":"frame_0.250","type":"Key<Frame>","URL":"/3/Frames/frame_0.250"},"level":"critical","values":[],"is_member_of_frames":[],"is_mutually_exclusive_with":[],"gridable":true},{"__meta":{"schema_version":3,"schema_name":"ModelParameterSchemaV3","schema_type":"Iced"},"name":"nfolds","label":"nfolds","help":"Number of folds for K-fold cross-validation (0 to disable or >= 2).","required":false,"type":"int","default_value":0,"actual_value":5,"level":"critical","values":[],"is_member_of_frames":[],"is_mutually_exclusive_with":[],"gridable":false},{"__meta":{"schema_version":3,"schema_name":"ModelParameterSchemaV3","schema_type":"Iced"},"name":"keep_cross_validation_predictions","label":"keep_cross_validation_predictions","help":"Whether to keep the predictions of the cross-validation models.","required":false,"type":"boolean","default_value":false,"actual_value":true,"level":"expert","values":[],"is_member_of_frames":[],"is_mutually_exclusive_with":[],"gridable":false},{"__meta":{"schema_version":3,"schema_name":"ModelParameterSchemaV3","schema_type":"Iced"},"name":"keep_cross_validation_fold_assignment","label":"keep_cross_validation_fold_assignment","help":"Whether to keep the cross-validation fold assignment.","required":false,"type":"boolean","default_value":false,"actual_value":false,"level":"expert","values":[],"is_member_of_frames":[],"is_mutually_exclusive_with":[],"gridable":false},{"__meta":{"schema_version":3,"schema_name":"ModelParameterSchemaV3","schema_type":"Iced"},"name":"fold_assignment","label":"fold_assignment","help":"Cross-validation fold assignment scheme, if fold_column is not specified. The 'Stratified' option will stratify the folds based on the response variable, for classification problems.","required":false,"type":"enum","default_value":"AUTO","actual_value":"Modulo","level":"secondary","values":["AUTO","Random","Modulo","Stratified"],"is_member_of_frames":[],"is_mutually_exclusive_with":[],"gridable":true},{"__meta":{"schema_version":3,"schema_name":"ModelParameterSchemaV3","schema_type":"Iced"},"name":"fold_column","label":"fold_column","help":"Column with cross-validation fold index assignment per observation.","required":false,"type":"VecSpecifier","default_value":null,"actual_value":null,"level":"secondary","values":[],"is_member_of_frames":["training_frame"],"is_mutually_exclusive_with":["response_column","weights_column","ignored_columns","offset_column"],"gridable":true},{"__meta":{"schema_version":3,"schema_name":"ModelParameterSchemaV3","schema_type":"Iced"},"name":"response_column","label":"response_column","help":"Response variable column.","required":false,"type":"VecSpecifier","default_value":null,"actual_value":{"__meta":{"schema_version":3,"schema_name":"ColSpecifierV3","schema_type":"VecSpecifier"},"column_name":"performance","is_member_of_frames":null},"level":"critical","values":[],"is_member_of_frames":["training_frame","validation_frame"],"is_mutually_exclusive_with":["weights_column","ignored_columns","offset_column","fold_column"],"gridable":true},{"__meta":{"schema_version":3,"schema_name":"ModelParameterSchemaV3","schema_type":"Iced"},"name":"ignored_columns","label":"ignored_columns","help":"Names of columns to ignore for training.","required":false,"type":"string[]","default_value":null,"actual_value":["name","best","worst","mediocre","performance_numeric"],"level":"critical","values":[],"is_member_of_frames":["training_frame","validation_frame"],"is_mutually_exclusive_with":["response_column","weights_column","offset_column","fold_column"],"gridable":false},{"__meta":{"schema_version":3,"schema_name":"ModelParameterSchemaV3","schema_type":"Iced"},"name":"ignore_const_cols","label":"ignore_const_cols","help":"Ignore constant columns.","required":false,"type":"boolean","default_value":true,"actual_value":true,"level":"critical","values":[],"is_member_of_frames":[],"is_mutually_exclusive_with":[],"gridable":false},{"__meta":{"schema_version":3,"schema_name":"ModelParameterSchemaV3","schema_type":"Iced"},"name":"score_each_iteration","label":"score_each_iteration","help":"Whether to score during each iteration of model training.","required":false,"type":"boolean","default_value":false,"actual_value":false,"level":"secondary","values":[],"is_member_of_frames":[],"is_mutually_exclusive_with":[],"gridable":false},{"__meta":{"schema_version":3,"schema_name":"ModelParameterSchemaV3","schema_type":"Iced"},"name":"weights_column","label":"weights_column","help":"Column with observation weights. Giving some observation a weight of zero is equivalent to excluding it from the dataset; giving an observation a relative weight of 2 is equivalent to repeating that row twice. Negative weights are not allowed. Note: Weights are per-row observation weights and do not increase the size of the data frame. This is typically the number of times a row is repeated, but non-integer values are supported as well. During training, rows with higher weights matter more, due to the larger loss function pre-factor.","required":false,"type":"VecSpecifier","default_value":null,"actual_value":null,"level":"secondary","values":[],"is_member_of_frames":["training_frame","validation_frame"],"is_mutually_exclusive_with":["response_column","ignored_columns","offset_column","fold_column"],"gridable":true},{"__meta":{"schema_version":3,"schema_name":"ModelParameterSchemaV3","schema_type":"Iced"},"name":"offset_column","label":"offset_column","help":"Offset column. This will be added to the combination of columns before applying the link function.","required":false,"type":"VecSpecifier","default_value":null,"actual_value":null,"level":"secondary","values":[],"is_member_of_frames":["training_frame","validation_frame"],"is_mutually_exclusive_with":["response_column","weights_column","ignored_columns","fold_column"],"gridable":true},{"__meta":{"schema_version":3,"schema_name":"ModelParameterSchemaV3","schema_type":"Iced"},"name":"balance_classes","label":"balance_classes","help":"Balance training data class counts via over/under-sampling (for imbalanced data).","required":false,"type":"boolean","default_value":false,"actual_value":false,"level":"secondary","values":[],"is_member_of_frames":[],"is_mutually_exclusive_with":[],"gridable":true},{"__meta":{"schema_version":3,"schema_name":"ModelParameterSchemaV3","schema_type":"Iced"},"name":"class_sampling_factors","label":"class_sampling_factors","help":"Desired over/under-sampling ratios per class (in lexicographic order). If not specified, sampling factors will be automatically computed to obtain class balance during training. Requires balance_classes.","required":false,"type":"float[]","default_value":null,"actual_value":null,"level":"expert","values":[],"is_member_of_frames":[],"is_mutually_exclusive_with":[],"gridable":true},{"__meta":{"schema_version":3,"schema_name":"ModelParameterSchemaV3","schema_type":"Iced"},"name":"max_after_balance_size","label":"max_after_balance_size","help":"Maximum relative size of the training data after balancing class counts (can be less than 1.0). Requires balance_classes.","required":false,"type":"float","default_value":5.0,"actual_value":5.0,"level":"expert","values":[],"is_member_of_frames":[],"is_mutually_exclusive_with":[],"gridable":false},{"__meta":{"schema_version":3,"schema_name":"ModelParameterSchemaV3","schema_type":"Iced"},"name":"max_confusion_matrix_size","label":"max_confusion_matrix_size","help":"[Deprecated] Maximum size (# classes) for confusion matrices to be printed in the Logs.","required":false,"type":"int","default_value":20,"actual_value":20,"level":"secondary","values":[],"is_member_of_frames":[],"is_mutually_exclusive_with":[],"gridable":false},{"__meta":{"schema_version":3,"schema_name":"ModelParameterSchemaV3","schema_type":"Iced"},"name":"max_hit_ratio_k","label":"max_hit_ratio_k","help":"Max. number (top K) of predictions to use for hit ratio computation (for multi-class only, 0 to disable).","required":false,"type":"int","default_value":0,"actual_value":0,"level":"secondary","values":[],"is_member_of_frames":[],"is_mutually_exclusive_with":[],"gridable":true},{"__meta":{"schema_version":3,"schema_name":"ModelParameterSchemaV3","schema_type":"Iced"},"name":"checkpoint","label":"checkpoint","help":"Model checkpoint to resume training with.","required":false,"type":"Key<Model>","default_value":null,"actual_value":null,"level":"secondary","values":[],"is_member_of_frames":[],"is_mutually_exclusive_with":[],"gridable":false},{"__meta":{"schema_version":3,"schema_name":"ModelParameterSchemaV3","schema_type":"Iced"},"name":"pretrained_autoencoder","label":"pretrained_autoencoder","help":"Pretrained autoencoder model to initialize this model with.","required":false,"type":"Key<Model>","default_value":null,"actual_value":null,"level":"expert","values":[],"is_member_of_frames":[],"is_mutually_exclusive_with":[],"gridable":false},{"__meta":{"schema_version":3,"schema_name":"ModelParameterSchemaV3","schema_type":"Iced"},"name":"overwrite_with_best_model","label":"overwrite_with_best_model","help":"If enabled, override the final model with the best model found during training.","required":false,"type":"boolean","default_value":true,"actual_value":false,"level":"expert","values":[],"is_member_of_frames":[],"is_mutually_exclusive_with":[],"gridable":true},{"__meta":{"schema_version":3,"schema_name":"ModelParameterSchemaV3","schema_type":"Iced"},"name":"use_all_factor_levels","label":"use_all_factor_levels","help":"Use all factor levels of categorical variables. Otherwise, the first factor level is omitted (without loss of accuracy). Useful for variable importances and auto-enabled for autoencoder.","required":false,"type":"boolean","default_value":true,"actual_value":true,"level":"secondary","values":[],"is_member_of_frames":[],"is_mutually_exclusive_with":[],"gridable":true},{"__meta":{"schema_version":3,"schema_name":"ModelParameterSchemaV3","schema_type":"Iced"},"name":"standardize","label":"standardize","help":"If enabled, automatically standardize the data. If disabled, the user must provide properly scaled input data.","required":false,"type":"boolean","default_value":true,"actual_value":true,"level":"secondary","values":[],"is_member_of_frames":[],"is_mutually_exclusive_with":[],"gridable":true},{"__meta":{"schema_version":3,"schema_name":"ModelParameterSchemaV3","schema_type":"Iced"},"name":"activation","label":"activation","help":"Activation function.","required":false,"type":"enum","default_value":"Rectifier","actual_value":"RectifierWithDropout","level":"critical","values":["Tanh","TanhWithDropout","Rectifier","RectifierWithDropout","Maxout","MaxoutWithDropout"],"is_member_of_frames":[],"is_mutually_exclusive_with":[],"gridable":true},{"__meta":{"schema_version":3,"schema_name":"ModelParameterSchemaV3","schema_type":"Iced"},"name":"hidden","label":"hidden","help":"Hidden layer sizes (e.g. [100, 100]).","required":false,"type":"int[]","default_value":[200,200],"actual_value":[200],"level":"critical","values":[],"is_member_of_frames":[],"is_mutually_exclusive_with":[],"gridable":true},{"__meta":{"schema_version":3,"schema_name":"ModelParameterSchemaV3","schema_type":"Iced"},"name":"epochs","label":"epochs","help":"How many times the dataset should be iterated (streamed), can be fractional.","required":false,"type":"double","default_value":10.0,"actual_value":1009.9185365853658,"level":"critical","values":[],"is_member_of_frames":[],"is_mutually_exclusive_with":[],"gridable":true},{"__meta":{"schema_version":3,"schema_name":"ModelParameterSchemaV3","schema_type":"Iced"},"name":"train_samples_per_iteration","label":"train_samples_per_iteration","help":"Number of training samples (globally) per MapReduce iteration. Special values are 0: one epoch, -1: all available data (e.g., replicated training data), -2: automatic.","required":false,"type":"long","default_value":-2,"actual_value":-2,"level":"secondary","values":[],"is_member_of_frames":[],"is_mutually_exclusive_with":[],"gridable":true},{"__meta":{"schema_version":3,"schema_name":"ModelParameterSchemaV3","schema_type":"Iced"},"name":"target_ratio_comm_to_comp","label":"target_ratio_comm_to_comp","help":"Target ratio of communication overhead to computation. Only for multi-node operation and train_samples_per_iteration = -2 (auto-tuning).","required":false,"type":"double","default_value":0.05,"actual_value":0.05,"level":"expert","values":[],"is_member_of_frames":[],"is_mutually_exclusive_with":[],"gridable":true},{"__meta":{"schema_version":3,"schema_name":"ModelParameterSchemaV3","schema_type":"Iced"},"name":"seed","label":"seed","help":"Seed for random numbers (affects sampling) - Note: only reproducible when running single threaded.","required":false,"type":"long","default_value":-1,"actual_value":8024222737096545218,"level":"expert","values":[],"is_member_of_frames":[],"is_mutually_exclusive_with":[],"gridable":true},{"__meta":{"schema_version":3,"schema_name":"ModelParameterSchemaV3","schema_type":"Iced"},"name":"adaptive_rate","label":"adaptive_rate","help":"Adaptive learning rate.","required":false,"type":"boolean","default_value":true,"actual_value":true,"level":"secondary","values":[],"is_member_of_frames":[],"is_mutually_exclusive_with":[],"gridable":true},{"__meta":{"schema_version":3,"schema_name":"ModelParameterSchemaV3","schema_type":"Iced"},"name":"rho","label":"rho","help":"Adaptive learning rate time decay factor (similarity to prior updates).","required":false,"type":"double","default_value":0.99,"actual_value":0.9,"level":"expert","values":[],"is_member_of_frames":[],"is_mutually_exclusive_with":[],"gridable":true},{"__meta":{"schema_version":3,"schema_name":"ModelParameterSchemaV3","schema_type":"Iced"},"name":"epsilon","label":"epsilon","help":"Adaptive learning rate smoothing factor (to avoid divisions by zero and allow progress).","required":false,"type":"double","default_value":1.0E-8,"actual_value":1.0E-6,"level":"expert","values":[],"is_member_of_frames":[],"is_mutually_exclusive_with":[],"gridable":true},{"__meta":{"schema_version":3,"schema_name":"ModelParameterSchemaV3","schema_type":"Iced"},"name":"rate","label":"rate","help":"Learning rate (higher => less stable, lower => slower convergence).","required":false,"type":"double","default_value":0.005,"actual_value":0.005,"level":"expert","values":[],"is_member_of_frames":[],"is_mutually_exclusive_with":[],"gridable":true},{"__meta":{"schema_version":3,"schema_name":"ModelParameterSchemaV3","schema_type":"Iced"},"name":"rate_annealing","label":"rate_annealing","help":"Learning rate annealing: rate / (1 + rate_annealing * samples).","required":false,"type":"double","default_value":1.0E-6,"actual_value":1.0E-6,"level":"expert","values":[],"is_member_of_frames":[],"is_mutually_exclusive_with":[],"gridable":true},{"__meta":{"schema_version":3,"schema_name":"ModelParameterSchemaV3","schema_type":"Iced"},"name":"rate_decay","label":"rate_decay","help":"Learning rate decay factor between layers (N-th layer: rate * rate_decay ^ (n - 1).","required":false,"type":"double","default_value":1.0,"actual_value":1.0,"level":"expert","values":[],"is_member_of_frames":[],"is_mutually_exclusive_with":[],"gridable":true},{"__meta":{"schema_version":3,"schema_name":"ModelParameterSchemaV3","schema_type":"Iced"},"name":"momentum_start","label":"momentum_start","help":"Initial momentum at the beginning of training (try 0.5).","required":false,"type":"double","default_value":0.0,"actual_value":0.0,"level":"expert","values":[],"is_member_of_frames":[],"is_mutually_exclusive_with":[],"gridable":true},{"__meta":{"schema_version":3,"schema_name":"ModelParameterSchemaV3","schema_type":"Iced"},"name":"momentum_ramp","label":"momentum_ramp","help":"Number of training samples for which momentum increases.","required":false,"type":"double","default_value":1000000.0,"actual_value":1000000.0,"level":"expert","values":[],"is_member_of_frames":[],"is_mutually_exclusive_with":[],"gridable":true},{"__meta":{"schema_version":3,"schema_name":"ModelParameterSchemaV3","schema_type":"Iced"},"name":"momentum_stable","label":"momentum_stable","help":"Final momentum after the ramp is over (try 0.99).","required":false,"type":"double","default_value":0.0,"actual_value":0.0,"level":"expert","values":[],"is_member_of_frames":[],"is_mutually_exclusive_with":[],"gridable":true},{"__meta":{"schema_version":3,"schema_name":"ModelParameterSchemaV3","schema_type":"Iced"},"name":"nesterov_accelerated_gradient","label":"nesterov_accelerated_gradient","help":"Use Nesterov accelerated gradient (recommended).","required":false,"type":"boolean","default_value":true,"actual_value":true,"level":"expert","values":[],"is_member_of_frames":[],"is_mutually_exclusive_with":[],"gridable":true},{"__meta":{"schema_version":3,"schema_name":"ModelParameterSchemaV3","schema_type":"Iced"},"name":"input_dropout_ratio","label":"input_dropout_ratio","help":"Input layer dropout ratio (can improve generalization, try 0.1 or 0.2).","required":false,"type":"double","default_value":0.0,"actual_value":0.15,"level":"secondary","values":[],"is_member_of_frames":[],"is_mutually_exclusive_with":[],"gridable":true},{"__meta":{"schema_version":3,"schema_name":"ModelParameterSchemaV3","schema_type":"Iced"},"name":"hidden_dropout_ratios","label":"hidden_dropout_ratios","help":"Hidden layer dropout ratios (can improve generalization), specify one value per hidden layer, defaults to 0.5.","required":false,"type":"double[]","default_value":null,"actual_value":[0.5],"level":"secondary","values":[],"is_member_of_frames":[],"is_mutually_exclusive_with":[],"gridable":true},{"__meta":{"schema_version":3,"schema_name":"ModelParameterSchemaV3","schema_type":"Iced"},"name":"l1","label":"l1","help":"L1 regularization (can add stability and improve generalization, causes many weights to become 0).","required":false,"type":"double","default_value":0.0,"actual_value":0.0,"level":"secondary","values":[],"is_member_of_frames":[],"is_mutually_exclusive_with":[],"gridable":true},{"__meta":{"schema_version":3,"schema_name":"ModelParameterSchemaV3","schema_type":"Iced"},"name":"l2","label":"l2","help":"L2 regularization (can add stability and improve generalization, causes many weights to be small.","required":false,"type":"double","default_value":0.0,"actual_value":0.0,"level":"secondary","values":[],"is_member_of_frames":[],"is_mutually_exclusive_with":[],"gridable":true},{"__meta":{"schema_version":3,"schema_name":"ModelParameterSchemaV3","schema_type":"Iced"},"name":"max_w2","label":"max_w2","help":"Constraint for squared sum of incoming weights per unit (e.g. for Rectifier).","required":false,"type":"float","default_value":3.4028235E38,"actual_value":3.4028235E38,"level":"expert","values":[],"is_member_of_frames":[],"is_mutually_exclusive_with":[],"gridable":true},{"__meta":{"schema_version":3,"schema_name":"ModelParameterSchemaV3","schema_type":"Iced"},"name":"initial_weight_distribution","label":"initial_weight_distribution","help":"Initial weight distribution.","required":false,"type":"enum","default_value":"UniformAdaptive","actual_value":"UniformAdaptive","level":"expert","values":["UniformAdaptive","Uniform","Normal"],"is_member_of_frames":[],"is_mutually_exclusive_with":[],"gridable":true},{"__meta":{"schema_version":3,"schema_name":"ModelParameterSchemaV3","schema_type":"Iced"},"name":"initial_weight_scale","label":"initial_weight_scale","help":"Uniform: -value...value, Normal: stddev.","required":false,"type":"double","default_value":1.0,"actual_value":1.0,"level":"expert","values":[],"is_member_of_frames":[],"is_mutually_exclusive_with":[],"gridable":true},{"__meta":{"schema_version":3,"schema_name":"ModelParameterSchemaV3","schema_type":"Iced"},"name":"initial_weights","label":"initial_weights","help":"A list of H2OFrame ids to initialize the weight matrices of this model with.","required":false,"type":"Key<Frame>[]","default_value":null,"actual_value":null,"level":"expert","values":[],"is_member_of_frames":[],"is_mutually_exclusive_with":[],"gridable":true},{"__meta":{"schema_version":3,"schema_name":"ModelParameterSchemaV3","schema_type":"Iced"},"name":"initial_biases","label":"initial_biases","help":"A list of H2OFrame ids to initialize the bias vectors of this model with.","required":false,"type":"Key<Frame>[]","default_value":null,"actual_value":null,"level":"expert","values":[],"is_member_of_frames":[],"is_mutually_exclusive_with":[],"gridable":true},{"__meta":{"schema_version":3,"schema_name":"ModelParameterSchemaV3","schema_type":"Iced"},"name":"loss","label":"loss","help":"Loss function.","required":false,"type":"enum","default_value":"Automatic","actual_value":"Automatic","level":"secondary","values":["Automatic","CrossEntropy","Quadratic","Huber","Absolute","Quantile"],"is_member_of_frames":[],"is_mutually_exclusive_with":[],"gridable":true},{"__meta":{"schema_version":3,"schema_name":"ModelParameterSchemaV3","schema_type":"Iced"},"name":"distribution","label":"distribution","help":"Distribution function","required":false,"type":"enum","default_value":"AUTO","actual_value":"AUTO","level":"secondary","values":["AUTO","bernoulli","quasibinomial","multinomial","gaussian","poisson","gamma","tweedie","laplace","quantile","huber"],"is_member_of_frames":[],"is_mutually_exclusive_with":[],"gridable":true},{"__meta":{"schema_version":3,"schema_name":"ModelParameterSchemaV3","schema_type":"Iced"},"name":"quantile_alpha","label":"quantile_alpha","help":"Desired quantile for Quantile regression, must be between 0 and 1.","required":false,"type":"double","default_value":0.5,"actual_value":0.5,"level":"secondary","values":[],"is_member_of_frames":[],"is_mutually_exclusive_with":[],"gridable":true},{"__meta":{"schema_version":3,"schema_name":"ModelParameterSchemaV3","schema_type":"Iced"},"name":"tweedie_power","label":"tweedie_power","help":"Tweedie power for Tweedie regression, must be between 1 and 2.","required":false,"type":"double","default_value":1.5,"actual_value":1.5,"level":"secondary","values":[],"is_member_of_frames":[],"is_mutually_exclusive_with":[],"gridable":true},{"__meta":{"schema_version":3,"schema_name":"ModelParameterSchemaV3","schema_type":"Iced"},"name":"huber_alpha","label":"huber_alpha","help":"Desired quantile for Huber/M-regression (threshold between quadratic and linear loss, must be between 0 and 1).","required":false,"type":"double","default_value":0.9,"actual_value":0.9,"level":"secondary","values":[],"is_member_of_frames":[],"is_mutually_exclusive_with":[],"gridable":true},{"__meta":{"schema_version":3,"schema_name":"ModelParameterSchemaV3","schema_type":"Iced"},"name":"score_interval","label":"score_interval","help":"Shortest time interval (in seconds) between model scoring.","required":false,"type":"double","default_value":5.0,"actual_value":5.0,"level":"secondary","values":[],"is_member_of_frames":[],"is_mutually_exclusive_with":[],"gridable":true},{"__meta":{"schema_version":3,"schema_name":"ModelParameterSchemaV3","schema_type":"Iced"},"name":"score_training_samples","label":"score_training_samples","help":"Number of training set samples for scoring (0 for all).","required":false,"type":"long","default_value":10000,"actual_value":10000,"level":"secondary","values":[],"is_member_of_frames":[],"is_mutually_exclusive_with":[],"gridable":true},{"__meta":{"schema_version":3,"schema_name":"ModelParameterSchemaV3","schema_type":"Iced"},"name":"score_validation_samples","label":"score_validation_samples","help":"Number of validation set samples for scoring (0 for all).","required":false,"type":"long","default_value":0,"actual_value":0,"level":"secondary","values":[],"is_member_of_frames":[],"is_mutually_exclusive_with":[],"gridable":true},{"__meta":{"schema_version":3,"schema_name":"ModelParameterSchemaV3","schema_type":"Iced"},"name":"score_duty_cycle","label":"score_duty_cycle","help":"Maximum duty cycle fraction for scoring (lower: more training, higher: more scoring).","required":false,"type":"double","default_value":0.1,"actual_value":0.1,"level":"secondary","values":[],"is_member_of_frames":[],"is_mutually_exclusive_with":[],"gridable":true},{"__meta":{"schema_version":3,"schema_name":"ModelParameterSchemaV3","schema_type":"Iced"},"name":"classification_stop","label":"classification_stop","help":"Stopping criterion for classification error fraction on training data (-1 to disable).","required":false,"type":"double","default_value":0.0,"actual_value":0.0,"level":"expert","values":[],"is_member_of_frames":[],"is_mutually_exclusive_with":[],"gridable":true},{"__meta":{"schema_version":3,"schema_name":"ModelParameterSchemaV3","schema_type":"Iced"},"name":"regression_stop","label":"regression_stop","help":"Stopping criterion for regression error (MSE) on training data (-1 to disable).","required":false,"type":"double","default_value":1.0E-6,"actual_value":1.0E-6,"level":"expert","values":[],"is_member_of_frames":[],"is_mutually_exclusive_with":[],"gridable":true},{"__meta":{"schema_version":3,"schema_name":"ModelParameterSchemaV3","schema_type":"Iced"},"name":"stopping_rounds","label":"stopping_rounds","help":"Early stopping based on convergence of stopping_metric. Stop if simple moving average of length k of the stopping_metric does not improve for k:=stopping_rounds scoring events (0 to disable)","required":false,"type":"int","default_value":5,"actual_value":0,"level":"secondary","values":[],"is_member_of_frames":[],"is_mutually_exclusive_with":[],"gridable":true},{"__meta":{"schema_version":3,"schema_name":"ModelParameterSchemaV3","schema_type":"Iced"},"name":"stopping_metric","label":"stopping_metric","help":"Metric to use for early stopping (AUTO: logloss for classification, deviance for regression)","required":false,"type":"enum","default_value":"AUTO","actual_value":"AUTO","level":"secondary","values":["AUTO","deviance","logloss","MSE","RMSE","MAE","RMSLE","AUC","lift_top_group","misclassification","mean_per_class_error"],"is_member_of_frames":[],"is_mutually_exclusive_with":[],"gridable":true},{"__meta":{"schema_version":3,"schema_name":"ModelParameterSchemaV3","schema_type":"Iced"},"name":"stopping_tolerance","label":"stopping_tolerance","help":"Relative tolerance for metric-based stopping criterion (stop if relative improvement is not at least this much)","required":false,"type":"double","default_value":0.0,"actual_value":0.05,"level":"secondary","values":[],"is_member_of_frames":[],"is_mutually_exclusive_with":[],"gridable":true},{"__meta":{"schema_version":3,"schema_name":"ModelParameterSchemaV3","schema_type":"Iced"},"name":"max_runtime_secs","label":"max_runtime_secs","help":"Maximum allowed runtime in seconds for model training. Use 0 to disable.","required":false,"type":"double","default_value":0.0,"actual_value":0.0,"level":"secondary","values":[],"is_member_of_frames":[],"is_mutually_exclusive_with":[],"gridable":true},{"__meta":{"schema_version":3,"schema_name":"ModelParameterSchemaV3","schema_type":"Iced"},"name":"score_validation_sampling","label":"score_validation_sampling","help":"Method used to sample validation dataset for scoring.","required":false,"type":"enum","default_value":"Uniform","actual_value":"Uniform","level":"expert","values":["Uniform","Stratified"],"is_member_of_frames":[],"is_mutually_exclusive_with":[],"gridable":true},{"__meta":{"schema_version":3,"schema_name":"ModelParameterSchemaV3","schema_type":"Iced"},"name":"diagnostics","label":"diagnostics","help":"Enable diagnostics for hidden layers.","required":false,"type":"boolean","default_value":true,"actual_value":true,"level":"expert","values":[],"is_member_of_frames":[],"is_mutually_exclusive_with":[],"gridable":false},{"__meta":{"schema_version":3,"schema_name":"ModelParameterSchemaV3","schema_type":"Iced"},"name":"fast_mode","label":"fast_mode","help":"Enable fast mode (minor approximation in back-propagation).","required":false,"type":"boolean","default_value":true,"actual_value":true,"level":"expert","values":[],"is_member_of_frames":[],"is_mutually_exclusive_with":[],"gridable":true},{"__meta":{"schema_version":3,"schema_name":"ModelParameterSchemaV3","schema_type":"Iced"},"name":"force_load_balance","label":"force_load_balance","help":"Force extra load balancing to increase training speed for small datasets (to keep all cores busy).","required":false,"type":"boolean","default_value":true,"actual_value":true,"level":"expert","values":[],"is_member_of_frames":[],"is_mutually_exclusive_with":[],"gridable":true},{"__meta":{"schema_version":3,"schema_name":"ModelParameterSchemaV3","schema_type":"Iced"},"name":"variable_importances","label":"variable_importances","help":"Compute variable importances for input features (Gedeon method) - can be slow for large networks.","required":false,"type":"boolean","default_value":true,"actual_value":true,"level":"critical","values":[],"is_member_of_frames":[],"is_mutually_exclusive_with":[],"gridable":true},{"__meta":{"schema_version":3,"schema_name":"ModelParameterSchemaV3","schema_type":"Iced"},"name":"replicate_training_data","label":"replicate_training_data","help":"Replicate the entire training dataset onto every node for faster training on small datasets.","required":false,"type":"boolean","default_value":true,"actual_value":true,"level":"secondary","values":[],"is_member_of_frames":[],"is_mutually_exclusive_with":[],"gridable":true},{"__meta":{"schema_version":3,"schema_name":"ModelParameterSchemaV3","schema_type":"Iced"},"name":"single_node_mode","label":"single_node_mode","help":"Run on a single node for fine-tuning of model parameters.","required":false,"type":"boolean","default_value":false,"actual_value":false,"level":"expert","values":[],"is_member_of_frames":[],"is_mutually_exclusive_with":[],"gridable":true},{"__meta":{"schema_version":3,"schema_name":"ModelParameterSchemaV3","schema_type":"Iced"},"name":"shuffle_training_data","label":"shuffle_training_data","help":"Enable shuffling of training data (recommended if training data is replicated and train_samples_per_iteration is close to #nodes x #rows, of if using balance_classes).","required":false,"type":"boolean","default_value":false,"actual_value":false,"level":"expert","values":[],"is_member_of_frames":[],"is_mutually_exclusive_with":[],"gridable":true},{"__meta":{"schema_version":3,"schema_name":"ModelParameterSchemaV3","schema_type":"Iced"},"name":"missing_values_handling","label":"missing_values_handling","help":"Handling of missing values. Either MeanImputation or Skip.","required":false,"type":"enum","default_value":"MeanImputation","actual_value":"MeanImputation","level":"expert","values":["MeanImputation","Skip"],"is_member_of_frames":[],"is_mutually_exclusive_with":[],"gridable":true},{"__meta":{"schema_version":3,"schema_name":"ModelParameterSchemaV3","schema_type":"Iced"},"name":"quiet_mode","label":"quiet_mode","help":"Enable quiet mode for less output to standard output.","required":false,"type":"boolean","default_value":false,"actual_value":false,"level":"expert","values":[],"is_member_of_frames":[],"is_mutually_exclusive_with":[],"gridable":true},{"__meta":{"schema_version":3,"schema_name":"ModelParameterSchemaV3","schema_type":"Iced"},"name":"autoencoder","label":"autoencoder","help":"Auto-Encoder.","required":false,"type":"boolean","default_value":false,"actual_value":false,"level":"secondary","values":[],"is_member_of_frames":[],"is_mutually_exclusive_with":[],"gridable":false},{"__meta":{"schema_version":3,"schema_name":"ModelParameterSchemaV3","schema_type":"Iced"},"name":"sparse","label":"sparse","help":"Sparse data handling (more efficient for data with lots of 0 values).","required":false,"type":"boolean","default_value":false,"actual_value":false,"level":"expert","values":[],"is_member_of_frames":[],"is_mutually_exclusive_with":[],"gridable":true},{"__meta":{"schema_version":3,"schema_name":"ModelParameterSchemaV3","schema_type":"Iced"},"name":"col_major","label":"col_major","help":"#DEPRECATED Use a column major weight matrix for input layer. Can speed up forward propagation, but might slow down backpropagation.","required":false,"type":"boolean","default_value":false,"actual_value":false,"level":"expert","values":[],"is_member_of_frames":[],"is_mutually_exclusive_with":[],"gridable":true},{"__meta":{"schema_version":3,"schema_name":"ModelParameterSchemaV3","schema_type":"Iced"},"name":"average_activation","label":"average_activation","help":"Average activation for sparse auto-encoder. #Experimental","required":false,"type":"double","default_value":0.0,"actual_value":0.0,"level":"expert","values":[],"is_member_of_frames":[],"is_mutually_exclusive_with":[],"gridable":true},{"__meta":{"schema_version":3,"schema_name":"ModelParameterSchemaV3","schema_type":"Iced"},"name":"sparsity_beta","label":"sparsity_beta","help":"Sparsity regularization. #Experimental","required":false,"type":"double","default_value":0.0,"actual_value":0.0,"level":"expert","values":[],"is_member_of_frames":[],"is_mutually_exclusive_with":[],"gridable":true},{"__meta":{"schema_version":3,"schema_name":"ModelParameterSchemaV3","schema_type":"Iced"},"name":"max_categorical_features","label":"max_categorical_features","help":"Max. number of categorical features, enforced via hashing. #Experimental","required":false,"type":"int","default_value":2147483647,"actual_value":2147483647,"level":"expert","values":[],"is_member_of_frames":[],"is_mutually_exclusive_with":[],"gridable":true},{"__meta":{"schema_version":3,"schema_name":"ModelParameterSchemaV3","schema_type":"Iced"},"name":"reproducible","label":"reproducible","help":"Force reproducibility on small data (will be slow - only uses 1 thread).","required":false,"type":"boolean","default_value":false,"actual_value":false,"level":"expert","values":[],"is_member_of_frames":[],"is_mutually_exclusive_with":[],"gridable":true},{"__meta":{"schema_version":3,"schema_name":"ModelParameterSchemaV3","schema_type":"Iced"},"name":"export_weights_and_biases","label":"export_weights_and_biases","help":"Whether to export Neural Network weights and biases to H2O Frames.","required":false,"type":"boolean","default_value":false,"actual_value":false,"level":"expert","values":[],"is_member_of_frames":[],"is_mutually_exclusive_with":[],"gridable":false},{"__meta":{"schema_version":3,"schema_name":"ModelParameterSchemaV3","schema_type":"Iced"},"name":"mini_batch_size","label":"mini_batch_size","help":"Mini-batch size (smaller leads to better fit, larger can speed up and generalize better).","required":false,"type":"int","default_value":1,"actual_value":1,"level":"expert","values":[],"is_member_of_frames":[],"is_mutually_exclusive_with":[],"gridable":false},{"__meta":{"schema_version":3,"schema_name":"ModelParameterSchemaV3","schema_type":"Iced"},"name":"categorical_encoding","label":"categorical_encoding","help":"Encoding scheme for categorical features","required":false,"type":"enum","default_value":"AUTO","actual_value":"AUTO","level":"secondary","values":["AUTO","Enum","OneHotInternal","OneHotExplicit","Binary","Eigen","LabelEncoder","SortByResponse","EnumLimited"],"is_member_of_frames":[],"is_mutually_exclusive_with":[],"gridable":true},{"__meta":{"schema_version":3,"schema_name":"ModelParameterSchemaV3","schema_type":"Iced"},"name":"elastic_averaging","label":"elastic_averaging","help":"Elastic averaging between compute nodes can improve distributed model convergence. #Experimental","required":false,"type":"boolean","default_value":false,"actual_value":false,"level":"expert","values":[],"is_member_of_frames":[],"is_mutually_exclusive_with":[],"gridable":true},{"__meta":{"schema_version":3,"schema_name":"ModelParameterSchemaV3","schema_type":"Iced"},"name":"elastic_averaging_moving_rate","label":"elastic_averaging_moving_rate","help":"Elastic averaging moving rate (only if elastic averaging is enabled).","required":false,"type":"double","default_value":0.9,"actual_value":0.9,"level":"expert","values":[],"is_member_of_frames":[],"is_mutually_exclusive_with":[],"gridable":true},{"__meta":{"schema_version":3,"schema_name":"ModelParameterSchemaV3","schema_type":"Iced"},"name":"elastic_averaging_regularization","label":"elastic_averaging_regularization","help":"Elastic averaging regularization strength (only if elastic averaging is enabled).","required":false,"type":"double","default_value":0.001,"actual_value":0.001,"level":"expert","values":[],"is_member_of_frames":[],"is_mutually_exclusive_with":[],"gridable":true}],"output":{"__meta":{"schema_version":3,"schema_name":"DeepLearningModelOutputV3","schema_type":"DeepLearningModelOutput"},"names":["vector0","vector1","vector2","vector3","vector4","vector5","vector6","vector7","vector8","vector9","vector10","vector11","vector12","vector13","vector14","vector15","vector16","vector17","vector18","vector19","vector20","vector21","vector22","vector23","vector24","vector25","vector26","vector27","vector28","vector29","vector30","vector31","vector32","vector33","vector34","vector35","vector36","vector37","vector38","vector39","vector40","vector41","vector42","vector43","vector44","vector45","vector46","vector47","vector48","vector49","vector50","vector51","vector52","vector53","vector54","vector55","vector56","vector57","vector58","vector59","vector60","vector61","vector62","vector63","vector64","vector65","vector66","vector67","vector68","vector69","vector70","vector71","vector72","vector73","vector74","vector75","vector76","vector77","vector78","vector79","vector80","vector81","vector82","vector83","vector84","vector85","vector86","vector87","vector88","vector89","vector90","vector91","vector92","vector93","vector94","vector95","vector96","vector97","vector98","vector99","vector100","vector101","vector102","vector103","vector104","vector105","vector106","vector107","vector108","vector109","vector110","vector111","vector112","vector113","vector114","vector115","vector116","vector117","vector118","vector119","vector120","vector121","vector122","vector123","vector124","vector125","vector126","vector127","vector128","vector129","vector130","vector131","vector132","vector133","vector134","vector135","vector136","vector137","vector138","vector139","vector140","vector141","vector142","vector143","vector144","vector145","vector146","vector147","vector148","vector149","vector150","vector151","vector152","vector153","vector154","vector155","vector156","vector157","vector158","vector159","vector160","vector161","vector162","vector163","vector164","vector165","vector166","vector167","vector168","vector169","vector170","vector171","vector172","vector173","vector174","vector175","vector176","vector177","vector178","vector179","vector180","vector181","vector182","vector183","vector184","vector185","vector186","vector187","vector188","vector189","vector190","vector191","vector192","vector193","vector194","vector195","vector196","vector197","vector198","vector199","vector200","vector201","vector202","vector203","vector204","vector205","vector206","vector207","vector208","vector209","vector210","vector211","vector212","vector213","vector214","vector215","vector216","vector217","vector218","vector219","vector220","vector221","vector222","vector223","vector224","vector225","vector226","vector227","vector228","vector229","vector230","vector231","vector232","vector233","vector234","vector235","vector236","vector237","vector238","vector239","vector240","vector241","vector242","vector243","vector244","vector245","vector246","vector247","vector248","vector249","vector250","vector251","vector252","vector253","vector254","vector255","vector256","vector257","vector258","vector259","vector260","vector261","vector262","vector263","vector264","vector265","vector266","vector267","vector268","vector269","vector270","vector271","vector272","vector273","vector274","vector275","vector276","vector277","vector278","vector279","vector280","vector281","vector282","vector283","vector284","vector285","vector286","vector287","vector288","vector289","vector290","vector291","vector292","vector293","vector294","vector295","vector296","vector297","vector298","vector299","performance"],"domains":[null,null,null,null,null,null,null,null,null,null,null,null,null,null,null,null,null,null,null,null,null,null,null,null,null,null,null,null,null,null,null,null,null,null,null,null,null,null,null,null,null,null,null,null,null,null,null,null,null,null,null,null,null,null,null,null,null,null,null,null,null,null,null,null,null,null,null,null,null,null,null,null,null,null,null,null,null,null,null,null,null,null,null,null,null,null,null,null,null,null,null,null,null,null,null,null,null,null,null,null,null,null,null,null,null,null,null,null,null,null,null,null,null,null,null,null,null,null,null,null,null,null,null,null,null,null,null,null,null,null,null,null,null,null,null,null,null,null,null,null,null,null,null,null,null,null,null,null,null,null,null,null,null,null,null,null,null,null,null,null,null,null,null,null,null,null,null,null,null,null,null,null,null,null,null,null,null,null,null,null,null,null,null,null,null,null,null,null,null,null,null,null,null,null,null,null,null,null,null,null,null,null,null,null,null,null,null,null,null,null,null,null,null,null,null,null,null,null,null,null,null,null,null,null,null,null,null,null,null,null,null,null,null,null,null,null,null,null,null,null,null,null,null,null,null,null,null,null,null,null,null,null,null,null,null,null,null,null,null,null,null,null,null,null,null,null,null,null,null,null,null,null,null,null,null,null,null,null,null,null,null,null,null,null,null,null,null,null,null,null,null,null,null,null,null,null,null,null,null,null,["best","mediocre","worst"]],"cross_validation_models":[{"__meta":{"schema_version":3,"schema_name":"ModelKeyV3","schema_type":"Key<Model>"},"name":"DeepLearning_grid_0_AutoML_20180225_012018_model_9_cv_1","type":"Key<Model>","URL":"/3/Models/DeepLearning_grid_0_AutoML_20180225_012018_model_9_cv_1"},{"__meta":{"schema_version":3,"schema_name":"ModelKeyV3","schema_type":"Key<Model>"},"name":"DeepLearning_grid_0_AutoML_20180225_012018_model_9_cv_2","type":"Key<Model>","URL":"/3/Models/DeepLearning_grid_0_AutoML_20180225_012018_model_9_cv_2"},{"__meta":{"schema_version":3,"schema_name":"ModelKeyV3","schema_type":"Key<Model>"},"name":"DeepLearning_grid_0_AutoML_20180225_012018_model_9_cv_3","type":"Key<Model>","URL":"/3/Models/DeepLearning_grid_0_AutoML_20180225_012018_model_9_cv_3"},{"__meta":{"schema_version":3,"schema_name":"ModelKeyV3","schema_type":"Key<Model>"},"name":"DeepLearning_grid_0_AutoML_20180225_012018_model_9_cv_4","type":"Key<Model>","URL":"/3/Models/DeepLearning_grid_0_AutoML_20180225_012018_model_9_cv_4"},{"__meta":{"schema_version":3,"schema_name":"ModelKeyV3","schema_type":"Key<Model>"},"name":"DeepLearning_grid_0_AutoML_20180225_012018_model_9_cv_5","type":"Key<Model>","URL":"/3/Models/DeepLearning_grid_0_AutoML_20180225_012018_model_9_cv_5"}],"cross_validation_predictions":[{"__meta":{"schema_version":3,"schema_name":"FrameKeyV3","schema_type":"Key<Frame>"},"name":"prediction_DeepLearning_grid_0_AutoML_20180225_012018_model_9_cv_1","type":"Key<Frame>","URL":"/3/Frames/prediction_DeepLearning_grid_0_AutoML_20180225_012018_model_9_cv_1"},{"__meta":{"schema_version":3,"schema_name":"FrameKeyV3","schema_type":"Key<Frame>"},"name":"prediction_DeepLearning_grid_0_AutoML_20180225_012018_model_9_cv_2","type":"Key<Frame>","URL":"/3/Frames/prediction_DeepLearning_grid_0_AutoML_20180225_012018_model_9_cv_2"},{"__meta":{"schema_version":3,"schema_name":"FrameKeyV3","schema_type":"Key<Frame>"},"name":"prediction_DeepLearning_grid_0_AutoML_20180225_012018_model_9_cv_3","type":"Key<Frame>","URL":"/3/Frames/prediction_DeepLearning_grid_0_AutoML_20180225_012018_model_9_cv_3"},{"__meta":{"schema_version":3,"schema_name":"FrameKeyV3","schema_type":"Key<Frame>"},"name":"prediction_DeepLearning_grid_0_AutoML_20180225_012018_model_9_cv_4","type":"Key<Frame>","URL":"/3/Frames/prediction_DeepLearning_grid_0_AutoML_20180225_012018_model_9_cv_4"},{"__meta":{"schema_version":3,"schema_name":"FrameKeyV3","schema_type":"Key<Frame>"},"name":"prediction_DeepLearning_grid_0_AutoML_20180225_012018_model_9_cv_5","type":"Key<Frame>","URL":"/3/Frames/prediction_DeepLearning_grid_0_AutoML_20180225_012018_model_9_cv_5"}],"cross_validation_holdout_predictions_frame_id":{"__meta":{"schema_version":3,"schema_name":"FrameKeyV3","schema_type":"Key<Frame>"},"name":"cv_holdout_prediction_DeepLearning_grid_0_AutoML_20180225_012018_model_9","type":"Key<Frame>","URL":"/3/Frames/cv_holdout_prediction_DeepLearning_grid_0_AutoML_20180225_012018_model_9"},"cross_validation_fold_assignment_frame_id":null,"model_category":"Multinomial","model_summary":{"__meta":{"schema_version":3,"schema_name":"TwoDimTableV3","schema_type":"TwoDimTable"},"name":"Status of Neuron Layers","description":"predicting performance, 3-class classification, multinomial distribution, CrossEntropy loss, 60,803 weights/biases, 796.4 KB, 43,350 training samples, mini-batch size 1","columns":[{"__meta":{"schema_version":-1,"schema_name":"ColumnSpecsBase","schema_type":"Iced"},"name":"","type":"string","format":"%s","description":""},{"__meta":{"schema_version":-1,"schema_name":"ColumnSpecsBase","schema_type":"Iced"},"name":"layer","type":"int","format":"%d","description":"Layer"},{"__meta":{"schema_version":-1,"schema_name":"ColumnSpecsBase","schema_type":"Iced"},"name":"units","type":"int","format":"%d","description":"Units"},{"__meta":{"schema_version":-1,"schema_name":"ColumnSpecsBase","schema_type":"Iced"},"name":"type","type":"string","format":"%s","description":"Type"},{"__meta":{"schema_version":-1,"schema_name":"ColumnSpecsBase","schema_type":"Iced"},"name":"dropout","type":"double","format":"%2.2f %%","description":"Dropout"},{"__meta":{"schema_version":-1,"schema_name":"ColumnSpecsBase","schema_type":"Iced"},"name":"l1","type":"double","format":"%5f","description":"L1"},{"__meta":{"schema_version":-1,"schema_name":"ColumnSpecsBase","schema_type":"Iced"},"name":"l2","type":"double","format":"%5f","description":"L2"},{"__meta":{"schema_version":-1,"schema_name":"ColumnSpecsBase","schema_type":"Iced"},"name":"mean_rate","type":"double","format":"%5f","description":"Mean Rate"},{"__meta":{"schema_version":-1,"schema_name":"ColumnSpecsBase","schema_type":"Iced"},"name":"rate_rms","type":"double","format":"%5f","description":"Rate RMS"},{"__meta":{"schema_version":-1,"schema_name":"ColumnSpecsBase","schema_type":"Iced"},"name":"momentum","type":"double","format":"%5f","description":"Momentum"},{"__meta":{"schema_version":-1,"schema_name":"ColumnSpecsBase","schema_type":"Iced"},"name":"mean_weight","type":"double","format":"%5f","description":"Mean Weight"},{"__meta":{"schema_version":-1,"schema_name":"ColumnSpecsBase","schema_type":"Iced"},"name":"weight_rms","type":"double","format":"%5f","description":"Weight RMS"},{"__meta":{"schema_version":-1,"schema_name":"ColumnSpecsBase","schema_type":"Iced"},"name":"mean_bias","type":"double","format":"%5f","description":"Mean Bias"},{"__meta":{"schema_version":-1,"schema_name":"ColumnSpecsBase","schema_type":"Iced"},"name":"bias_rms","type":"double","format":"%5f","description":"Bias RMS"}],"rowcount":3,"data":[["","",""],[1,2,3],[300,200,3],["Input","RectifierDropout","Softmax"],[15.0,50.0,null],[null,0.0,0.0],[null,0.0,0.0],[null,0.7786941638717428,0.7378729637386278],[null,0.30110228061676025,0.3679468631744385],[null,0.0,0.0],[null,5.393273631535218E-4,-0.044693405774984665],[null,0.0868147611618042,0.4033188819885254],[null,0.4656551954025386,-0.01665062422646246],[null,0.06161355972290039,0.10703325271606445]]},"scoring_history":{"__meta":{"schema_version":3,"schema_name":"TwoDimTableV3","schema_type":"TwoDimTable"},"name":"Scoring History","description":"","columns":[{"__meta":{"schema_version":-1,"schema_name":"ColumnSpecsBase","schema_type":"Iced"},"name":"","type":"string","format":"%s","description":""},{"__meta":{"schema_version":-1,"schema_name":"ColumnSpecsBase","schema_type":"Iced"},"name":"timestamp","type":"string","format":"%s","description":"Timestamp"},{"__meta":{"schema_version":-1,"schema_name":"ColumnSpecsBase","schema_type":"Iced"},"name":"duration","type":"string","format":"%s","description":"Duration"},{"__meta":{"schema_version":-1,"schema_name":"ColumnSpecsBase","schema_type":"Iced"},"name":"training_speed","type":"string","format":"%s","description":"Training Speed"},{"__meta":{"schema_version":-1,"schema_name":"ColumnSpecsBase","schema_type":"Iced"},"name":"epochs","type":"double","format":"%.5f","description":"Epochs"},{"__meta":{"schema_version":-1,"schema_name":"ColumnSpecsBase","schema_type":"Iced"},"name":"iterations","type":"int","format":"%d","description":"Iterations"},{"__meta":{"schema_version":-1,"schema_name":"ColumnSpecsBase","schema_type":"Iced"},"name":"samples","type":"double","format":"%f","description":"Samples"},{"__meta":{"schema_version":-1,"schema_name":"ColumnSpecsBase","schema_type":"Iced"},"name":"training_rmse","type":"double","format":"%.5f","description":"Training RMSE"},{"__meta":{"schema_version":-1,"schema_name":"ColumnSpecsBase","schema_type":"Iced"},"name":"training_logloss","type":"double","format":"%.5f","description":"Training LogLoss"},{"__meta":{"schema_version":-1,"schema_name":"ColumnSpecsBase","schema_type":"Iced"},"name":"training_classification_error","type":"double","format":"%.5f","description":"Training Classification Error"},{"__meta":{"schema_version":-1,"schema_name":"ColumnSpecsBase","schema_type":"Iced"},"name":"validation_rmse","type":"double","format":"%.5f","description":"Validation RMSE"},{"__meta":{"schema_version":-1,"schema_name":"ColumnSpecsBase","schema_type":"Iced"},"name":"validation_logloss","type":"double","format":"%.5f","description":"Validation LogLoss"},{"__meta":{"schema_version":-1,"schema_name":"ColumnSpecsBase","schema_type":"Iced"},"name":"validation_classification_error","type":"double","format":"%.5f","description":"Validation Classification Error"}],"rowcount":3,"data":[["","",""],["2018-02-25 01:26:41","2018-02-25 01:26:41","2018-02-25 01:26:46"],[" 0.000 sec"," 5 min 19.994 sec"," 5 min 25.022 sec"],[null,"7285 obs/sec","8515 obs/sec"],[0.0,10.0,850.0],[0,1,85],[0.0,510.0,43350.0],["NaN",0.40299979637663447,3.5695671220075636E-6],["NaN",1.2613780575733013,5.004401739849775E-7],["NaN",0.17647058823529413,0.0],["NaN",0.8025646409563684,0.7612390978862033],["NaN",4.9615600423774975,14.560497588939707],["NaN",0.7142857142857143,0.5714285714285714]]},"training_metrics":{"__meta":{"schema_version":3,"schema_name":"ModelMetricsMultinomialV3","schema_type":"ModelMetricsMultinomial"},"model":{"__meta":{"schema_version":3,"schema_name":"ModelKeyV3","schema_type":"Key<Model>"},"name":"DeepLearning_grid_0_AutoML_20180225_012018_model_9","type":"Key<Model>","URL":"/3/Models/DeepLearning_grid_0_AutoML_20180225_012018_model_9"},"model_checksum":4200556470364108468,"frame":{"__meta":{"schema_version":3,"schema_name":"FrameKeyV3","schema_type":"Key<Frame>"},"name":"_a5f3a358ebb398aeba02815b76f24359","type":"Key<Frame>","URL":"/3/Frames/_a5f3a358ebb398aeba02815b76f24359"},"frame_checksum":5399420191990150268,"description":"Metrics reported on full training frame","model_category":"Multinomial","scoring_time":1519540006229,"predictions":null,"MSE":1.274180943851736E-11,"RMSE":3.5695671220075636E-6,"nobs":51,"custom_metric_name":null,"custom_metric_value":0.0,"r2":0.9999999999815266,"hit_ratio_table":{"__meta":{"schema_version":3,"schema_name":"TwoDimTableV3","schema_type":"TwoDimTable"},"name":"Top-3 Hit Ratios","description":"","columns":[{"__meta":{"schema_version":-1,"schema_name":"ColumnSpecsBase","schema_type":"Iced"},"name":"k","type":"string","format":"%s","description":"K"},{"__meta":{"schema_version":-1,"schema_name":"ColumnSpecsBase","schema_type":"Iced"},"name":"hit_ratio","type":"float","format":"%f","description":"Hit Ratio"}],"rowcount":3,"data":[["1","2","3"],[1.0,1.0,1.0]]},"cm":{"__meta":{"schema_version":3,"schema_name":"ConfusionMatrixV3","schema_type":"ConfusionMatrix"},"table":{"__meta":{"schema_version":3,"schema_name":"TwoDimTableV3","schema_type":"TwoDimTable"},"name":"Confusion Matrix","description":"Row labels: Actual class; Column labels: Predicted class","columns":[{"__meta":{"schema_version":-1,"schema_name":"ColumnSpecsBase","schema_type":"Iced"},"name":"best","type":"long","format":"%d","description":"best"},{"__meta":{"schema_version":-1,"schema_name":"ColumnSpecsBase","schema_type":"Iced"},"name":"mediocre","type":"long","format":"%d","description":"mediocre"},{"__meta":{"schema_version":-1,"schema_name":"ColumnSpecsBase","schema_type":"Iced"},"name":"worst","type":"long","format":"%d","description":"worst"},{"__meta":{"schema_version":-1,"schema_name":"ColumnSpecsBase","schema_type":"Iced"},"name":"Error","type":"double","format":"%.4f","description":"Error"},{"__meta":{"schema_version":-1,"schema_name":"ColumnSpecsBase","schema_type":"Iced"},"name":"Rate","type":"string","format":"= %6s","description":"Rate"}],"rowcount":4,"data":[[25,0,0,25],[0,13,0,13],[0,0,13,13],[0.0,0.0,0.0,0.0],["0 / 25","0 / 13","0 / 13","0 / 51"]]}},"logloss":5.004401739849775E-7,"mean_per_class_error":0.0},"validation_metrics":{"__meta":{"schema_version":3,"schema_name":"ModelMetricsMultinomialV3","schema_type":"ModelMetricsMultinomial"},"model":{"__meta":{"schema_version":3,"schema_name":"ModelKeyV3","schema_type":"Key<Model>"},"name":"DeepLearning_grid_0_AutoML_20180225_012018_model_9","type":"Key<Model>","URL":"/3/Models/DeepLearning_grid_0_AutoML_20180225_012018_model_9"},"model_checksum":4200556470364108468,"frame":{"__meta":{"schema_version":3,"schema_name":"FrameKeyV3","schema_type":"Key<Frame>"},"name":"frame_0.250","type":"Key<Frame>","URL":"/3/Frames/frame_0.250"},"frame_checksum":5924554442158716292,"description":"Metrics reported on full validation frame","model_category":"Multinomial","scoring_time":1519540006230,"predictions":null,"MSE":0.5794849641506005,"RMSE":0.7612390978862033,"nobs":14,"custom_metric_name":null,"custom_metric_value":0.0,"r2":0.2576532485391,"hit_ratio_table":{"__meta":{"schema_version":3,"schema_name":"TwoDimTableV3","schema_type":"TwoDimTable"},"name":"Top-3 Hit Ratios","description":"","columns":[{"__meta":{"schema_version":-1,"schema_name":"ColumnSpecsBase","schema_type":"Iced"},"name":"k","type":"string","format":"%s","description":"K"},{"__meta":{"schema_version":-1,"schema_name":"ColumnSpecsBase","schema_type":"Iced"},"name":"hit_ratio","type":"float","format":"%f","description":"Hit Ratio"}],"rowcount":3,"data":[["1","2","3"],[0.42857143,0.78571427,1.0]]},"cm":{"__meta":{"schema_version":3,"schema_name":"ConfusionMatrixV3","schema_type":"ConfusionMatrix"},"table":{"__meta":{"schema_version":3,"schema_name":"TwoDimTableV3","schema_type":"TwoDimTable"},"name":"Confusion Matrix","description":"Row labels: Actual class; Column labels: Predicted class","columns":[{"__meta":{"schema_version":-1,"schema_name":"ColumnSpecsBase","schema_type":"Iced"},"name":"best","type":"long","format":"%d","description":"best"},{"__meta":{"schema_version":-1,"schema_name":"ColumnSpecsBase","schema_type":"Iced"},"name":"mediocre","type":"long","format":"%d","description":"mediocre"},{"__meta":{"schema_version":-1,"schema_name":"ColumnSpecsBase","schema_type":"Iced"},"name":"worst","type":"long","format":"%d","description":"worst"},{"__meta":{"schema_version":-1,"schema_name":"ColumnSpecsBase","schema_type":"Iced"},"name":"Error","type":"double","format":"%.4f","description":"Error"},{"__meta":{"schema_version":-1,"schema_name":"ColumnSpecsBase","schema_type":"Iced"},"name":"Rate","type":"string","format":"= %6s","description":"Rate"}],"rowcount":4,"data":[[3,2,4,9],[1,1,0,2],[1,0,2,3],[0.4,0.6666666666666666,0.6666666666666666,0.5714285714285714],["2 / 5","2 / 3","4 / 6","8 / 14"]]}},"logloss":14.560497588939707,"mean_per_class_error":0.5777777777777778},"cross_validation_metrics":{"__meta":{"schema_version":3,"schema_name":"ModelMetricsMultinomialV3","schema_type":"ModelMetricsMultinomial"},"model":{"__meta":{"schema_version":3,"schema_name":"ModelKeyV3","schema_type":"Key<Model>"},"name":"DeepLearning_grid_0_AutoML_20180225_012018_model_9","type":"Key<Model>","URL":"/3/Models/DeepLearning_grid_0_AutoML_20180225_012018_model_9"},"model_checksum":4200556470364108468,"frame":{"__meta":{"schema_version":3,"schema_name":"FrameKeyV3","schema_type":"Key<Frame>"},"name":"_a5f3a358ebb398aeba02815b76f24359","type":"Key<Frame>","URL":"/3/Frames/_a5f3a358ebb398aeba02815b76f24359"},"frame_checksum":5399420191990150268,"description":"5-fold cross-validation on training data (Metrics computed for combined holdout predictions)","model_category":"Multinomial","scoring_time":1519540006251,"predictions":null,"MSE":0.48497638634886325,"RMSE":0.6964024600393535,"nobs":51,"custom_metric_name":null,"custom_metric_value":0.0,"r2":0.29686533952430705,"hit_ratio_table":{"__meta":{"schema_version":3,"schema_name":"TwoDimTableV3","schema_type":"TwoDimTable"},"name":"Top-3 Hit Ratios","description":"","columns":[{"__meta":{"schema_version":-1,"schema_name":"ColumnSpecsBase","schema_type":"Iced"},"name":"k","type":"string","format":"%s","description":"K"},{"__meta":{"schema_version":-1,"schema_name":"ColumnSpecsBase","schema_type":"Iced"},"name":"hit_ratio","type":"float","format":"%f","description":"Hit Ratio"}],"rowcount":3,"data":[["1","2","3"],[0.49019608,0.74509805,1.0]]},"cm":{"__meta":{"schema_version":3,"schema_name":"ConfusionMatrixV3","schema_type":"ConfusionMatrix"},"table":{"__meta":{"schema_version":3,"schema_name":"TwoDimTableV3","schema_type":"TwoDimTable"},"name":"Confusion Matrix","description":"Row labels: Actual class; Column labels: Predicted class","columns":[{"__meta":{"schema_version":-1,"schema_name":"ColumnSpecsBase","schema_type":"Iced"},"name":"best","type":"long","format":"%d","description":"best"},{"__meta":{"schema_version":-1,"schema_name":"ColumnSpecsBase","schema_type":"Iced"},"name":"mediocre","type":"long","format":"%d","description":"mediocre"},{"__meta":{"schema_version":-1,"schema_name":"ColumnSpecsBase","schema_type":"Iced"},"name":"worst","type":"long","format":"%d","description":"worst"},{"__meta":{"schema_version":-1,"schema_name":"ColumnSpecsBase","schema_type":"Iced"},"name":"Error","type":"double","format":"%.4f","description":"Error"},{"__meta":{"schema_version":-1,"schema_name":"ColumnSpecsBase","schema_type":"Iced"},"name":"Rate","type":"string","format":"= %7s","description":"Rate"}],"rowcount":4,"data":[[14,3,8,25],[4,8,2,14],[7,2,3,12],[0.44,0.38461538461538464,0.7692307692307693,0.5098039215686274],["11 / 25","5 / 13","10 / 13","26 / 51"]]}},"logloss":3.489234536420046,"mean_per_class_error":0.5312820512820513},"cross_validation_metrics_summary":{"__meta":{"schema_version":3,"schema_name":"TwoDimTableV3","schema_type":"TwoDimTable"},"name":"Cross-Validation Metrics Summary","description":"","columns":[{"__meta":{"schema_version":-1,"schema_name":"ColumnSpecsBase","schema_type":"Iced"},"name":"","type":"string","format":"%s","description":""},{"__meta":{"schema_version":-1,"schema_name":"ColumnSpecsBase","schema_type":"Iced"},"name":"mean","type":"string","format":"%s","description":"mean"},{"__meta":{"schema_version":-1,"schema_name":"ColumnSpecsBase","schema_type":"Iced"},"name":"sd","type":"string","format":"%s","description":"sd"},{"__meta":{"schema_version":-1,"schema_name":"ColumnSpecsBase","schema_type":"Iced"},"name":"cv_1_valid","type":"string","format":"%s","description":"cv_1_valid"},{"__meta":{"schema_version":-1,"schema_name":"ColumnSpecsBase","schema_type":"Iced"},"name":"cv_2_valid","type":"string","format":"%s","description":"cv_2_valid"},{"__meta":{"schema_version":-1,"schema_name":"ColumnSpecsBase","schema_type":"Iced"},"name":"cv_3_valid","type":"string","format":"%s","description":"cv_3_valid"},{"__meta":{"schema_version":-1,"schema_name":"ColumnSpecsBase","schema_type":"Iced"},"name":"cv_4_valid","type":"string","format":"%s","description":"cv_4_valid"},{"__meta":{"schema_version":-1,"schema_name":"ColumnSpecsBase","schema_type":"Iced"},"name":"cv_5_valid","type":"string","format":"%s","description":"cv_5_valid"}],"rowcount":10,"data":[["accuracy","err","err_count","logloss","max_per_class_error","mean_per_class_accuracy","mean_per_class_error","mse","r2","rmse"],["0.4909091","0.5090909","5.2","3.498972","0.80761904","0.5263492","0.47365078","0.48419896","0.12746064","0.6930031"],["0.04653267","0.04653267","0.52915025","1.1769783","0.1223652","0.07219553","0.07219553","0.060234323","0.17705269","0.04441641"],["0.45454547","0.54545456","6.0","3.0023696","1.0","0.42222223","0.5777778","0.52384776","0.24540974","0.7237733"],["0.5","0.5","5.0","2.648623","0.6666667","0.6111111","0.3888889","0.487858","0.23772188","0.6984683"],["0.5","0.5","5.0","1.888611","0.5714286","0.64285713","0.35714287","0.4627528","0.28807265","0.68025935"],["0.6","0.4","4.0","3.257604","1.0","0.3888889","0.6111111","0.34288904","0.23802438","0.5855673"],["0.4","0.6","6.0","6.697652","0.8","0.56666666","0.43333334","0.6036472","-0.37192544","0.7769474"]]},"status":null,"start_time":1519540001121,"end_time":1519540006250,"run_time":5129,"help":{"domains":"Domains for categorical columns", "__meta":"Metadata on this schema instance, to make it self-describing.", "help":"Help information for output fields", "training_metrics":"Training data model metrics", "normsub":"Normalization/Standardization offsets for numeric predictors", "cross_validation_models":"Cross-validation models (model ids)", "cross_validation_predictions":"Cross-validation predictions, one per cv model (deprecated, use cross_validation_holdout_predictions_frame_id instead)", "cross_validation_metrics_summary":"Cross-validation model metrics summary", "status":"Job status", "variable_importances":"Variable Importances", "catoffsets":"Categorical offsets for one-hot encoding", "model_summary":"Model summary", "end_time":"End time in milliseconds", "names":"Column names", "normrespmul":"Normalization/Standardization multipliers for numeric response", "cross_validation_fold_assignment_frame_id":"Cross-validation fold assignment (each row is assigned to one holdout fold)", "run_time":"Runtime in milliseconds", "biases":"Frame keys for bias vectors", "scoring_history":"Scoring history", "normrespsub":"Normalization/Standardization offsets for numeric response", "cross_validation_holdout_predictions_frame_id":"Cross-validation holdout predictions (full out-of-sample predictions on training data)", "model_category":"Category of the model (e.g., Binomial)", "weights":"Frame keys for weight matrices", "start_time":"Start time in milliseconds", "normmul":"Normalization/Standardization multipliers for numeric predictors", "cross_validation_metrics":"Cross-validation model metrics", "validation_metrics":"Validation data model metrics"},"weights":null,"biases":null,"normmul":null,"normsub":null,"normrespmul":null,"normrespsub":null,"catoffsets":null,"variable_importances":{"__meta":{"schema_version":3,"schema_name":"TwoDimTableV3","schema_type":"TwoDimTable"},"name":"Variable Importances","description":"","columns":[{"__meta":{"schema_version":-1,"schema_name":"ColumnSpecsBase","schema_type":"Iced"},"name":"variable","type":"string","format":"%s","description":"Variable"},{"__meta":{"schema_version":-1,"schema_name":"ColumnSpecsBase","schema_type":"Iced"},"name":"relative_importance","type":"double","format":"%5f","description":"Relative Importance"},{"__meta":{"schema_version":-1,"schema_name":"ColumnSpecsBase","schema_type":"Iced"},"name":"scaled_importance","type":"double","format":"%5f","description":"Scaled Importance"},{"__meta":{"schema_version":-1,"schema_name":"ColumnSpecsBase","schema_type":"Iced"},"name":"percentage","type":"double","format":"%5f","description":"Percentage"}],"rowcount":300,"data":[["vector160","vector119","vector39","vector132","vector296","vector261","vector49","vector167","vector295","vector175","vector219","vector235","vector285","vector145","vector99","vector209","vector290","vector240","vector140","vector215","vector50","vector137","vector258","vector97","vector123","vector232","vector110","vector178","vector106","vector176","vector30","vector266","vector144","vector76","vector284","vector286","vector196","vector86","vector218","vector268","vector164","vector118","vector263","vector94","vector171","vector135","vector104","vector11","vector245","vector166","vector195","vector26","vector70","vector249","vector54","vector7","vector273","vector35","vector152","vector80","vector272","vector220","vector64","vector169","vector10","vector181","vector139","vector108","vector56","vector4","vector253","vector157","vector252","vector122","vector269","vector158","vector87","vector274","vector270","vector265","vector163","vector177","vector90","vector105","vector78","vector24","vector8","vector38","vector259","vector46","vector172","vector281","vector283","vector47","vector207","vector31","vector111","vector291","vector34","vector14","vector114","vector247","vector96","vector42","vector82","vector214","vector60","vector276","vector226","vector127","vector129","vector136","vector150","vector243","vector161","vector236","vector52","vector223","vector74","vector193","vector231","vector12","vector61","vector257","vector120","vector40","vector43","vector143","vector48","vector205","vector85","vector28","vector121","vector63","vector159","vector81","vector92","vector222","vector3","vector1","vector20","vector262","vector204","vector128","vector69","vector113","vector124","vector239","vector168","vector213","vector246","vector33","vector44","vector2","vector147","vector95","vector185","vector53","vector146","vector131","vector98","vector186","vector289","vector62","vector155","vector184","vector282","vector84","vector16","vector148","vector88","vector58","vector141","vector255","vector192","vector280","vector241","vector57","vector234","vector183","vector51","vector89","vector91","vector75","vector211","vector134","vector149","vector250","vector154","vector191","vector72","vector233","vector165","vector59","vector23","vector79","vector228","vector298","vector103","vector227","vector294","vector254","vector229","vector93","vector277","vector68","vector288","vector36","vector267","vector117","vector170","vector27","vector237","vector260","vector293","vector0","vector287","vector13","vector244","vector216","vector221","vector264","vector230","vector210","vector197","vector65","vector138","vector77","vector18","vector100","vector25","vector19","vector71","vector256","vector66","vector202","vector15","vector199","vector102","vector206","vector292","vector32","vector200","vector238","vector37","vector45","vector251","vector112","vector275","vector156","vector107","vector278","vector189","vector55","vector73","vector225","vector179","vector6","vector17","vector271","vector217","vector187","vector224","vector297","vector203","vector142","vector125","vector180","vector194","vector201","vector29","vector109","vector190","vector41","vector67","vector5","vector101","vector126","vector212","vector173","vector188","vector83","vector22","vector151","vector116","vector162","vector242","vector21","vector133","vector198","vector279","vector248","vector9","vector208","vector115","vector174","vector182","vector299","vector130","vector153"],[1.0,0.9679331183433533,0.9147724509239197,0.9126818180084229,0.8993672132492065,0.8556752800941467,0.8536258339881897,0.713869035243988,0.6284027695655823,0.5787740349769592,0.523248016834259,0.5124282240867615,0.500947892665863,0.5005195140838623,0.49672940373420715,0.49533408880233765,0.49068450927734375,0.4662971496582031,0.4660777449607849,0.4640626311302185,0.4621388912200928,0.4587593376636505,0.45740246772766113,0.45271730422973633,0.44458603858947754,0.43183907866477966,0.4294881522655487,0.4275326728820801,0.42352673411369324,0.41895896196365356,0.4175923466682434,0.41452884674072266,0.41203761100769043,0.41028639674186707,0.40803274512290955,0.4075651168823242,0.40703779458999634,0.407007098197937,0.4057537019252777,0.4044812321662903,0.4041358232498169,0.40242400765419006,0.40125563740730286,0.39791789650917053,0.3978714048862457,0.39719393849372864,0.3969920575618744,0.39082691073417664,0.3897431790828705,0.38756856322288513,0.3844698369503021,0.38443270325660706,0.38405197858810425,0.3836376368999481,0.38259369134902954,0.38193508982658386,0.379708856344223,0.3796667754650116,0.379209041595459,0.3786669671535492,0.37827762961387634,0.377894788980484,0.37671157717704773,0.37623733282089233,0.37251126766204834,0.37191036343574524,0.3715793192386627,0.37085872888565063,0.370523065328598,0.3685019016265869,0.36695948243141174,0.3669169545173645,0.3665488660335541,0.3646843731403351,0.3640728294849396,0.3637372553348541,0.3633091449737549,0.3630295693874359,0.3620457649230957,0.3612518310546875,0.36025550961494446,0.3601502776145935,0.35961493849754333,0.35915395617485046,0.3575841784477234,0.35715657472610474,0.3568856418132782,0.3555966317653656,0.35558563470840454,0.3543502986431122,0.3541751503944397,0.35410046577453613,0.35362598299980164,0.3529032766819,0.35194215178489685,0.3517218828201294,0.35142815113067627,0.3464093804359436,0.34609466791152954,0.3459610939025879,0.34542661905288696,0.34504789113998413,0.3446311056613922,0.34372827410697937,0.3435637056827545,0.34282198548316956,0.34129396080970764,0.3408204913139343,0.34056612849235535,0.340135395526886,0.3400251567363739,0.33996400237083435,0.3389683961868286,0.3387427031993866,0.33828169107437134,0.33771848678588867,0.33766064047813416,0.3373207449913025,0.337169885635376,0.3368993401527405,0.3354608416557312,0.33522891998291016,0.33509132266044617,0.33399221301078796,0.3339134454727173,0.3338492214679718,0.3336094319820404,0.33328595757484436,0.3325034976005554,0.3320961892604828,0.3318447172641754,0.33019712567329407,0.32994526624679565,0.3289669156074524,0.32885631918907166,0.3287220597267151,0.3284395635128021,0.32842740416526794,0.32819664478302,0.3276745676994324,0.3274902105331421,0.3273780941963196,0.3271907567977905,0.32713961601257324,0.32707539200782776,0.32706373929977417,0.326591819524765,0.3264661729335785,0.32619866728782654,0.32617315649986267,0.32524433732032776,0.3251354396343231,0.32503923773765564,0.3249196410179138,0.3246924579143524,0.32443273067474365,0.32388463616371155,0.3237893879413605,0.32324546575546265,0.3230648338794708,0.32265815138816833,0.32248881459236145,0.32144442200660706,0.32141128182411194,0.32105034589767456,0.32104167342185974,0.32099148631095886,0.32087066769599915,0.32069331407546997,0.3204178214073181,0.3203168511390686,0.32023218274116516,0.31961575150489807,0.3193022608757019,0.31926947832107544,0.31923097372055054,0.3189252018928528,0.3188793659210205,0.3187403678894043,0.318331241607666,0.31817078590393066,0.3180589973926544,0.3172259032726288,0.31719303131103516,0.31682920455932617,0.31627359986305237,0.3162573277950287,0.3156535029411316,0.31564489006996155,0.31552889943122864,0.3152928650379181,0.31492459774017334,0.31449422240257263,0.31417474150657654,0.3140617311000824,0.31401512026786804,0.3139525055885315,0.31322261691093445,0.31274768710136414,0.31260544061660767,0.31236597895622253,0.3120826482772827,0.3120453655719757,0.31195417046546936,0.311885267496109,0.31148654222488403,0.3108961582183838,0.31066203117370605,0.3103278577327728,0.3102269172668457,0.31012019515037537,0.30995944142341614,0.30966395139694214,0.3089916706085205,0.3088303506374359,0.3082982301712036,0.3080498278141022,0.3078545033931732,0.30764326453208923,0.30678725242614746,0.30673956871032715,0.3063938617706299,0.30621281266212463,0.3059048652648926,0.3056926429271698,0.3055303990840912,0.3052924871444702,0.304343581199646,0.30428436398506165,0.3042668402194977,0.3041582405567169,0.303815096616745,0.30295395851135254,0.30287060141563416,0.3025682270526886,0.3022887408733368,0.3022392690181732,0.3021257519721985,0.30193549394607544,0.301535427570343,0.3013918697834015,0.30108708143234253,0.3010231554508209,0.30037686228752136,0.30029988288879395,0.3002202808856964,0.3000279664993286,0.29985660314559937,0.2997381091117859,0.29936110973358154,0.29929181933403015,0.29912078380584717,0.29867130517959595,0.29851242899894714,0.29810115694999695,0.2980973422527313,0.29795923829078674,0.29742395877838135,0.29742008447647095,0.29697927832603455,0.2968738079071045,0.29676488041877747,0.2963448464870453,0.2953258752822876,0.2950633764266968,0.2945621907711029,0.29416152834892273,0.2932341694831848,0.29298660159111023,0.2926902174949646,0.2925040125846863,0.2923867404460907,0.29218241572380066,0.2921110689640045,0.2919332981109619,0.2913878560066223,0.290826678276062,0.2890683114528656,0.28773033618927,0.287558376789093,0.2873888313770294,0.28667116165161133,0.2865217626094818,0.2862248122692108,0.28613802790641785,0.2846592962741852,0.2841685712337494,0.2837817966938019,0.2826158404350281,0.28225407004356384,0.2811761498451233,0.2805520296096802,0.27590158581733704,0.2740325927734375,0.272330105304718,0.27161186933517456,0.2715406119823456,0.27129945158958435,0.266486793756485,0.262570321559906],[1.0,0.9679331183433533,0.9147724509239197,0.9126818180084229,0.8993672132492065,0.8556752800941467,0.8536258339881897,0.713869035243988,0.6284027695655823,0.5787740349769592,0.523248016834259,0.5124282240867615,0.500947892665863,0.5005195140838623,0.49672940373420715,0.49533408880233765,0.49068450927734375,0.4662971496582031,0.4660777449607849,0.4640626311302185,0.4621388912200928,0.4587593376636505,0.45740246772766113,0.45271730422973633,0.44458603858947754,0.43183907866477966,0.4294881522655487,0.4275326728820801,0.42352673411369324,0.41895896196365356,0.4175923466682434,0.41452884674072266,0.41203761100769043,0.41028639674186707,0.40803274512290955,0.4075651168823242,0.40703779458999634,0.407007098197937,0.4057537019252777,0.4044812321662903,0.4041358232498169,0.40242400765419006,0.40125563740730286,0.39791789650917053,0.3978714048862457,0.39719393849372864,0.3969920575618744,0.39082691073417664,0.3897431790828705,0.38756856322288513,0.3844698369503021,0.38443270325660706,0.38405197858810425,0.3836376368999481,0.38259369134902954,0.38193508982658386,0.379708856344223,0.3796667754650116,0.379209041595459,0.3786669671535492,0.37827762961387634,0.377894788980484,0.37671157717704773,0.37623733282089233,0.37251126766204834,0.37191036343574524,0.3715793192386627,0.37085872888565063,0.370523065328598,0.3685019016265869,0.36695948243141174,0.3669169545173645,0.3665488660335541,0.3646843731403351,0.3640728294849396,0.3637372553348541,0.3633091449737549,0.3630295693874359,0.3620457649230957,0.3612518310546875,0.36025550961494446,0.3601502776145935,0.35961493849754333,0.35915395617485046,0.3575841784477234,0.35715657472610474,0.3568856418132782,0.3555966317653656,0.35558563470840454,0.3543502986431122,0.3541751503944397,0.35410046577453613,0.35362598299980164,0.3529032766819,0.35194215178489685,0.3517218828201294,0.35142815113067627,0.3464093804359436,0.34609466791152954,0.3459610939025879,0.34542661905288696,0.34504789113998413,0.3446311056613922,0.34372827410697937,0.3435637056827545,0.34282198548316956,0.34129396080970764,0.3408204913139343,0.34056612849235535,0.340135395526886,0.3400251567363739,0.33996400237083435,0.3389683961868286,0.3387427031993866,0.33828169107437134,0.33771848678588867,0.33766064047813416,0.3373207449913025,0.337169885635376,0.3368993401527405,0.3354608416557312,0.33522891998291016,0.33509132266044617,0.33399221301078796,0.3339134454727173,0.3338492214679718,0.3336094319820404,0.33328595757484436,0.3325034976005554,0.3320961892604828,0.3318447172641754,0.33019712567329407,0.32994526624679565,0.3289669156074524,0.32885631918907166,0.3287220597267151,0.3284395635128021,0.32842740416526794,0.32819664478302,0.3276745676994324,0.3274902105331421,0.3273780941963196,0.3271907567977905,0.32713961601257324,0.32707539200782776,0.32706373929977417,0.326591819524765,0.3264661729335785,0.32619866728782654,0.32617315649986267,0.32524433732032776,0.3251354396343231,0.32503923773765564,0.3249196410179138,0.3246924579143524,0.32443273067474365,0.32388463616371155,0.3237893879413605,0.32324546575546265,0.3230648338794708,0.32265815138816833,0.32248881459236145,0.32144442200660706,0.32141128182411194,0.32105034589767456,0.32104167342185974,0.32099148631095886,0.32087066769599915,0.32069331407546997,0.3204178214073181,0.3203168511390686,0.32023218274116516,0.31961575150489807,0.3193022608757019,0.31926947832107544,0.31923097372055054,0.3189252018928528,0.3188793659210205,0.3187403678894043,0.318331241607666,0.31817078590393066,0.3180589973926544,0.3172259032726288,0.31719303131103516,0.31682920455932617,0.31627359986305237,0.3162573277950287,0.3156535029411316,0.31564489006996155,0.31552889943122864,0.3152928650379181,0.31492459774017334,0.31449422240257263,0.31417474150657654,0.3140617311000824,0.31401512026786804,0.3139525055885315,0.31322261691093445,0.31274768710136414,0.31260544061660767,0.31236597895622253,0.3120826482772827,0.3120453655719757,0.31195417046546936,0.311885267496109,0.31148654222488403,0.3108961582183838,0.31066203117370605,0.3103278577327728,0.3102269172668457,0.31012019515037537,0.30995944142341614,0.30966395139694214,0.3089916706085205,0.3088303506374359,0.3082982301712036,0.3080498278141022,0.3078545033931732,0.30764326453208923,0.30678725242614746,0.30673956871032715,0.3063938617706299,0.30621281266212463,0.3059048652648926,0.3056926429271698,0.3055303990840912,0.3052924871444702,0.304343581199646,0.30428436398506165,0.3042668402194977,0.3041582405567169,0.303815096616745,0.30295395851135254,0.30287060141563416,0.3025682270526886,0.3022887408733368,0.3022392690181732,0.3021257519721985,0.30193549394607544,0.301535427570343,0.3013918697834015,0.30108708143234253,0.3010231554508209,0.30037686228752136,0.30029988288879395,0.3002202808856964,0.3000279664993286,0.29985660314559937,0.2997381091117859,0.29936110973358154,0.29929181933403015,0.29912078380584717,0.29867130517959595,0.29851242899894714,0.29810115694999695,0.2980973422527313,0.29795923829078674,0.29742395877838135,0.29742008447647095,0.29697927832603455,0.2968738079071045,0.29676488041877747,0.2963448464870453,0.2953258752822876,0.2950633764266968,0.2945621907711029,0.29416152834892273,0.2932341694831848,0.29298660159111023,0.2926902174949646,0.2925040125846863,0.2923867404460907,0.29218241572380066,0.2921110689640045,0.2919332981109619,0.2913878560066223,0.290826678276062,0.2890683114528656,0.28773033618927,0.287558376789093,0.2873888313770294,0.28667116165161133,0.2865217626094818,0.2862248122692108,0.28613802790641785,0.2846592962741852,0.2841685712337494,0.2837817966938019,0.2826158404350281,0.28225407004356384,0.2811761498451233,0.2805520296096802,0.27590158581733704,0.2740325927734375,0.272330105304718,0.27161186933517456,0.2715406119823456,0.27129945158958435,0.266486793756485,0.262570321559906],[0.009402501764802116,0.009100992853433795,0.008601149584204512,0.008581492404527,0.008456301809780825,0.00804548833118276,0.008026218410554632,0.006712154863719182,0.005908558149846925,0.005441923885292501,0.004919840401713328,0.004818107281310189,0.004710163444864679,0.004706135614491413,0.004670499095239986,0.004657379644130628,0.004613661964441285,0.004384359772583451,0.004382296819528771,0.004363349708180593,0.004345261740280616,0.004313485482001924,0.004300727510034177,0.004256675251976552,0.004180221012443945,0.004060367699256111,0.004038263109638422,0.0040198767112843235,0.003982210864944878,0.0039392623792429155,0.003926412776516016,0.003897608213041031,0.003874184364664657,0.0038577185694397063,0.0038365286061152093,0.0038321317307578344,0.003827173581973602,0.003826884959093091,0.0038150998984274155,0.003803135499272879,0.0037998877913261596,0.0037837924421672627,0.0037728068388589633,0.003741423724173822,0.003740986586607223,0.003734616707655987,0.0037327185218379473,0.003674750717910255,0.003664560929146277,0.003644114099684998,0.0036149783204383976,0.003614629170817896,0.003611049406450395,0.0036071535579962756,0.0035973378581114065,0.0035911453561343096,0.00357021319188755,0.0035698175263465005,0.0035655136828302222,0.0035604168269335115,0.003556756080029634,0.0035531564202985243,0.00354203126922858,0.0035375721858328813,0.003502537851601083,0.003496887848552791,0.003493775204905495,0.0034869998528396,0.003483843775652033,0.0034648397803769193,0.00345033718117222,0.003449937312385338,0.003446476359766707,0.0034289454620477543,0.0034231954217486442,0.003420040185210244,0.003416014876784478,0.0034133861668407183,0.0034041359436285394,0.003396670979029695,0.003387303064934201,0.0033863136208651876,0.0033812800938723556,0.0033769457067696937,0.003362185868920034,0.003358165324172879,0.0033556178769818842,0.0033434979577315386,0.0033433945578840545,0.003331779308350019,0.0033301324766327745,0.0033294302543623276,0.003324968929235518,0.0033181736818060146,0.003309136703265747,0.00330706562393579,0.0033043038112073285,0.0032571148108929675,0.003254155725826759,0.0032528997959719533,0.003247874395254398,0.0032443134053849495,0.003240394579186945,0.0032319057039032592,0.0032303583490040544,0.0032233843235184674,0.0032090170688295803,0.003204565271059992,0.0032021736241811954,0.0031981236567132114,0.0031970871362908717,0.0031965121322609607,0.003187150943358799,0.003185028864646072,0.003180694197327021,0.0031753986680106185,0.0031748547679998694,0.0031716589000850863,0.0031702404447247505,0.003167696640346811,0.003154171155690016,0.00315199051175202,0.0031506967526847207,0.0031403623722640983,0.0031396217603483797,0.0031390178940304174,0.0031367632729657666,0.0031337218042812374,0.0031263647229920984,0.0031225350056057473,0.0031201705397166687,0.0031046790568757337,0.0031023109481736004,0.00309311200456058,0.0030920721215415745,0.0030908097467098254,0.003088153575559959,0.00308803924727331,0.0030858695317744793,0.0030809607010746833,0.003079227282493285,0.0030781731084384483,0.0030764116682181655,0.0030759308168949065,0.0030753269505769446,0.003075217385968906,0.0030707801594515374,0.0030695987671561648,0.0030670835448498874,0.0030668436796210358,0.0030581104556462765,0.003057086544961435,0.0030561820064582417,0.003055057498089805,0.0030529214085576353,0.0030504793227288467,0.003045325863121589,0.003044430291542839,0.0030393160622300196,0.003037617670697227,0.0030337938378550413,0.003032201648333621,0.003022381745202919,0.0030220701445785227,0.003018676443893215,0.003018594900924061,0.0030181230165252453,0.0030169870192848654,0.003015319451554846,0.003012729131256358,0.0030117797581309495,0.0030109836633702394,0.0030051876675833587,0.0030022400713890928,0.0030019318333613628,0.0030015697937869745,0.0029986947736374194,0.0029982638008313753,0.0029969568715937996,0.0029931100610077286,0.0029916013759701842,0.002990550284295625,0.0029827171153618375,0.002982408036684941,0.0029789871550099153,0.0029737630808726683,0.002973610082724359,0.0029679326184699597,0.0029678516359335837,0.0029667610337481966,0.0029645417199485402,0.0029610790860315765,0.0029570324811602584,0.0029540285614718348,0.0029529659809253324,0.002952527722493178,0.0029519389878602136,0.0029450762082809984,0.0029406106799083564,0.0029392732070843966,0.002937021668400023,0.0029343576511912687,0.002934007100488823,0.002933149638338956,0.002932501778047945,0.002928752762981581,0.0029232016763185518,0.0029210002963677814,0.0029178582299996566,0.0029169091370906367,0.002915905682202181,0.0029143941950007485,0.002911615849505345,0.0029052947282057684,0.0029037779168929476,0.002898774653270111,0.0028964390496690837,0.00289460251145659,0.002892616337692453,0.002884567682355644,0.002884119336133491,0.0028808688260228833,0.0028791665114606467,0.0028762710355147063,0.002874275614609737,0.002872750116588862,0.0028705131491567086,0.0028615910593358675,0.0028610342693712316,0.0028608695021345907,0.0028598483936136377,0.0028566219821124705,0.0028485251295567796,0.0028477413643171784,0.002844898288835952,0.0028422704195413587,0.0028418052603358755,0.0028407379161107626,0.002838949014684373,0.002835187389880511,0.0028338375875354422,0.0028309718145267193,0.0028303707503726456,0.002824293977764142,0.002823570178831754,0.0028228217208571475,0.0028210134844999274,0.002819402240264066,0.0028182880999020163,0.0028147433625831204,0.0028140918594790547,0.0028124836976234704,0.002808257474046902,0.002806763640477967,0.002802896654311899,0.0028028607866141266,0.002801562263868217,0.0027965292973081628,0.0027964928691776125,0.0027923481885701986,0.0027913565027700743,0.002790332311868844,0.0027863829420844556,0.002776802063533439,0.0027743339175804876,0.002769621518569273,0.002765854289437634,0.002757134796065928,0.0027548070385237885,0.00275202028653672,0.002750269494539213,0.002749166843049106,0.0027472456794871815,0.0027465748414522853,0.002744903350692822,0.0027397748303441714,0.0027344983557422106,0.0027179653085839368,0.002705384993806718,0.002703768145243079,0.002702173994206937,0.0026954261033471484,0.0026940213785898656,0.0026912293024914094,0.002690413312367091,0.002676509535585355,0.0026718954925266246,0.0026682588442321874,0.002657295938451385,0.002653894391707189,0.002643759245139036,0.0026378909535238336,0.0025941651475592143,0.0025765919371655457,0.0025605842957363576,0.0025538310807651805,0.002553161083379451,0.0025508935723609133,0.0025056425485918076,0.002468817911851675]]}},"compatible_frames":null}
